question,option1,option2,option3,option4,correct_answer,mark_weightage,level,subtopic_id
A man buys a pen for Rs. 20 and sells it for Rs. 25. What is his profit,Rs. 5,Rs. 10,Rs. 2,Rs. 3,1,1,1,1
If the Cost Price CP is Rs. 100 and the Selling Price SP is Rs. 120 the profit is,Rs. 10,Rs. 20,Rs. 30,Rs. 120,2,1,1,1
A toy bought for Rs. 50 is sold for Rs. 45. What is the loss,Rs. 10,Rs. 2,Rs. 5,Rs. 15,3,1,1,1
If CP Rs. 500 and SP Rs. 400 then the loss is,Rs. 50,Rs. 100,Rs. 200,Rs. 900,2,1,1,1
A shopkeeper buys a book for Rs. 80 and sells it for Rs. 100. Find his profit percentage.,20%,25%,10%,15%,2,2,1,1
An article is bought for Rs. 200 and sold for Rs. 180. Find the loss percentage.,5%,15%,10%,20%,3,2,1,1
Sita bought a bag for Rs. 250 and sold it for Rs. 300. What is her gain percent,20%,25%,15%,30%,1,2,1,1
The cost price of an item is Rs. 1500. If it is sold at a loss of 10% what is the selling price,Rs. 1350,Rs. 1400,Rs. 1650,Rs. 1450,1,2,1,1
Profit is calculated on the,Selling Price,Marked Price,Cost Price,Discount,3,1,1,1
Loss is the difference between,CP and SP when SP CP,CP and SP when CP SP,MP and SP,None of these,2,1,1,1
A fruit seller buys apples at Rs. 10 each and sells them at Rs. 12 each. His profit per apple is,Rs. 1,Rs. 2,Rs. 3,Rs. 4,2,1,1,1
If a bicycle is bought for Rs. 1000 and sold for Rs. 800 the loss percent is,10%,25%,15%,20%,4,2,1,1
A man makes a profit of Rs. 50 on an item he sold for Rs. 250. What was the cost price,Rs. 150,Rs. 300,Rs. 200,Rs. 100,3,1,1,1
A chair is sold for Rs. 500 with a profit of Rs. 100. The cost price is,Rs. 600,Rs. 400,Rs. 500,Rs. 300,2,1,1,1
Formula for Profit Percent is,Profit SP 100,Profit CP 100,Loss CP 100,SP CP 100,2,1,1,1
A product costs Rs. 400 and is sold at a 20% profit. What is the selling price,Rs. 420,Rs. 450,Rs. 480,Rs. 500,3,2,1,1
If an item is sold for Rs. 110 the profit is 10%. What is the cost price,Rs. 121,Rs. 99,Rs. 100,Rs. 105,3,2,1,1
What is the single term for the price at which an article is purchased,Selling Price,Marked Price,Cost Price,List Price,3,1,1,1
What is the loss if CP is Rs. 75 and SP is Rs. 60,Rs. 5,Rs. 10,Rs. 15,Rs. 20,3,1,1,1
A radio is bought for Rs. 900 and sold for Rs. 1080. Find the gain percent.,10%,20%,25%,15%,2,2,1,1
If Selling Price is less than Cost Price there is a,Profit,Loss,No profit no loss,Discount,2,1,1,1
A vendor buys lemons at Rs. 25 per dozen and sells them at 5 for Rs. 12. Find his gain or loss percent.,10% gain,5% loss,4% gain,4% loss,3,2,1,1
The cost of an article is Rs. 50. It is sold at a profit of 12%. Find the selling price.,Rs. 55,Rs. 56,Rs. 58,Rs. 60,2,2,1,1
A man sold a fan for Rs. 450 incurring a loss of Rs. 50. The cost price was,Rs. 400,Rs. 500,Rs. 550,Rs. 475,2,1,1,1
A shopkeeper sells rice at Rs. 10 per kg and makes a profit of 25%. The cost price of the rice per kg is,Rs. 6,Rs. 7,Rs. 8,Rs. 9,3,2,1,1
By selling an article for Rs. 100 a man gains Rs. 15. Then his gain % is,15%,12.50%,17.64%,18%,3,2,1,1
If CP Rs. 950 and gain 6% find the SP.,Rs. 1007,Rs. 1000,Rs. 997,Rs. 1017,1,2,1,1
If SP Rs. 880 and loss 12% find the CP.,Rs. 1000,Rs. 900,Rs. 950,Rs. 1100,1,2,1,1
Overhead charges are added to the,Selling Price,Marked Price,Cost Price,Discount,3,1,1,1
A man buys eggs at 2 for Re. 1 and sells at 5 for Rs. 3. His gain or loss percent is,10% gain,20% loss,20% gain,10% loss,3,2,1,1
The price at which an article is sold is called,Cost Price,Selling Price,Market Price,Discount Price,2,1,1,1
If an article costs Rs. 80 and sells for Rs. 100 the profit margin on cost is,20%,25%,30%,15%,2,2,1,1
A table is bought for Rs. 750 and sold at a loss of 6%. How much did it sell for,Rs. 705,Rs. 715,Rs. 725,Rs. 695,1,2,1,1
If the cost price is 95% of the selling price what is the profit percent,4%,4.75%,5%,5.26%,4,2,1,1
A dealer sold a camera for Rs. 1080 gaining 18 of its cost price. Find the cost price.,Rs. 900,Rs. 960,Rs. 860,Rs. 1000,2,2,1,1
If an article is sold at a 5% gain instead of 5% loss a man gains Rs. 5 more. Find the cost price.,Rs. 50,Rs. 100,Rs. 150,Rs. 200,1,2,1,1
Find the profit if CP Rs. 345 and SP Rs. 372.60.,Rs. 27.60,Rs. 30,Rs. 25.60,Rs. 22.40,1,1,1,1
A mobile phone is sold for Rs. 8400 at a gain of 20%. The cost price of the mobile is,Rs. 6000,Rs. 7000,Rs. 7500,Rs. 8000,2,2,1,1
An item was sold for Rs. 423 resulting in a 6% profit. What was the cost price,Rs. 350,Rs. 375,Rs. 400,Rs. 410,3,2,1,1
A man bought a cycle for Rs. 250. How much should he sell it for to gain 10%,Rs. 260,Rs. 275,Rs. 280,Rs. 300,2,1,1,1
Find loss percent if CP Rs. 500 and SP Rs. 450.,5%,10%,12%,15%,2,1,1,1
A person incurs a loss of 5% by selling a watch for Rs. 1140. At what price should the watch be sold to earn a 5% profit,Rs. 1200,Rs. 1260,Rs. 1300,Rs. 1320,2,2,1,1
The formula for Selling Price SP when there is a profit is,CP 100 Profit% 100,CP 100 Loss% 100,CP Loss,CP Profit,1,1,1,1
Ram buys a watch for Rs. 500 and sells it to Shyam at 10% profit. Shyam sells it to Mohan at 20% profit. How much does Mohan pay,Rs. 600,Rs. 650,Rs. 660,Rs. 700,3,2,1,1
If the cost price of 12 pens is equal to the selling price of 8 pens the gain percent is,25%,33.33%,50%,60%,3,2,1,1
The difference between the cost price and selling price is called,Discount,Profit or Loss,Tax,Overhead,2,1,1,1
A shopkeeper expects a gain of 20% on his cost price. If his sale in a week is Rs. 480 what was his profit,Rs. 60,Rs. 72,Rs. 80,Rs. 96,3,2,1,1
An article is sold for Rs. 300 at a profit of 20%. What is its cost price,Rs. 240,Rs. 250,Rs. 260,Rs. 280,2,2,1,1
What is the profit if a book costing Rs. 150 is sold for Rs. 200,Rs. 25,Rs. 50,Rs. 75,Rs. 100,2,1,1,1
A dealer buys a TV for Rs. 10000 and sells it for Rs. 12000. What is his profit percentage,10%,15%,20%,25%,3,1,1,1
By selling an article for Rs. 720 a man loses 10%. At what price should he sell it to gain 5%,Rs. 800,Rs. 840,Rs. 900,Rs. 875,2,2,2,1
A shopkeeper sells his goods at cost price but uses a weight of 800 g instead of 1 kg. What is his actual profit percentage,20%,25%,15%,30%,2,2,2,1
The cost price of 15 articles is the same as the selling price of 10 articles. The profit percent is,30%,40%,50%,45%,3,2,2,1
A man sold two flats for Rs. 675958 each. On one he gains 16% while on the other he loses 16%. His gain or loss % in the whole transaction is,2.56% loss,2.56% gain,3% loss,No profit no loss,1,2,2,1
A trader mixes 25 kg of rice at Rs. 20 per kg with 30 kg of rice of other variety at Rs. 30 per kg and sells the mixture at Rs. 27.5 per kg. His profit percent is,10%,11%,12%,12.50%,1,2,2,1
If a product is sold at a 14th discount on the marked price the profit is 20%. What is the ratio of the Cost Price to the Marked Price,508,805,304,403,1,2,2,1
A shopkeeper marks his goods 20% above the cost price and gives a 10% discount. What is his profit percentage,10%,12%,9%,8%,4,2,2,1
A man bought oranges at 6 for Rs. 20 and sold them at 4 for Rs. 18. His gain or loss percent is,25% loss,35% gain,40% loss,30% gain,2,2,2,1
The profit earned after selling an article for Rs. 1754 is the same as the loss incurred after selling the article for Rs. 1492. What is the cost price of the article,Rs. 1523,Rs. 1580,Rs. 1623,Rs. 1688,3,2,2,1
A cloth merchant on selling 33 metres of cloth obtains a profit equal to the selling price of 11 metres of cloth. The profit percent is,40%,22%,50%,11%,3,2,2,1
A person sells 36 oranges per rupee and incurs a loss of 4%. Find how many oranges per rupee to be sold to have a gain of 8%.,30,32,28,25,2,2,2,1
After a discount of 25% an article is sold for Rs. 720. What is its marked price,Rs. 900,Rs. 960,Rs. 1000,Rs. 850,2,2,2,1
A shopkeeper cheats to the extent of 10% while buying as well as selling by using false weights. His total gain is,20%,21%,22%,23%,2,2,2,1
A cycle is sold for Rs. 880 at a loss of 20%. For how much should it be sold to gain 10%,Rs. 1100,Rs. 1210,Rs. 1150,Rs. 1200,2,2,2,1
The marked price of a watch was Rs. 720. A man bought the same for Rs. 550.80 after getting two successive discounts the first being 10%. What was the second discount rate,12%,15%,18%,20%,2,2,2,1
A sells a bicycle to B at a profit of 20%. B sells it to C at a profit of 25%. If C pays Rs. 225 for it the cost price of the bicycle for A is,Rs. 110,Rs. 125,Rs. 120,Rs. 150,4,2,2,1
A man buys an article for 10% less than its value and sells it for 10% more than its value. His gain or loss percent is,20%,22.22%,18%,No profit no loss,2,2,2,1
By selling 100 pencils a shopkeeper gains the selling price of 20 pencils. His gain percent is,25%,20%,15%,12%,1,2,2,1
A book was sold for Rs. 27.50 with a profit of 10%. If it were sold for Rs. 25.75 then what would have been the percentage of profit or loss,2% profit,3% profit,2% loss,3% loss,2,2,2,1
If the selling price of an article is doubled the profit triples. Find the profit percent.,50%,80%,100%,120%,3,2,2,1
A shopkeeper allows a discount of 10% on the marked price. How much above the cost price must he mark his goods to make a profit of 17%,27%,18%,30%,25%,3,2,2,1
A trader sold an item at a loss of 20%. Had he sold it for Rs. 100 more he would have gained 5%. The cost price of the item is,Rs. 300,Rs. 360,Rs. 400,Rs. 450,3,2,2,1
The ratio of the cost price and the selling price is 45. The profit percent is,10%,20%,25%,30%,3,1,2,1
A man buys 12 articles for Rs. 12 and sells them at the rate of Rs. 1.25 per article. His gain percentage is,20%,25%,15%,18%,2,2,2,1
The percentage profit earned by selling an article for Rs. 1920 is equal to the percentage loss incurred by selling the same article for Rs. 1280. At what price should the article be sold to make 25% profit,Rs. 2000,Rs. 2200,Rs. 2400,Rs. 1800,1,2,2,1
A fruit seller had some apples. He sells 40% apples and still has 420 apples. Originally he had,588 apples,600 apples,672 apples,700 apples,4,1,2,1
If selling price is Rs. 144 and profit is 20% the cost price is,Rs. 110,Rs. 120,Rs. 130,Rs. 115,2,2,2,1
A trader professes to sell his goods at a loss of 8% but uses a weight of 900 grams in place of a 1 kg weight. What is his real loss or gain per cent,2% gain,2.22% gain,2% loss,2.22% loss,2,2,2,1
A dealer marks his goods 30% above the cost price and then allows a 15% discount on it. Find the profit percent.,10.50%,11.50%,12%,15%,1,2,2,1
If the cost price of 50 oranges is equal to the selling price of 40 oranges then the profit percent is,5%,10%,20%,25%,4,2,2,1
A man buys a fan for Rs. 1000 and sells it at a loss of 15%. What is the selling price of the fan,Rs. 850,Rs. 900,Rs. 750,Rs. 950,1,1,2,1
Due to a 25% reduction in the price of sugar a person can buy 5 kg more for Rs. 300. Find the original price of the sugar per kg.,Rs. 15,Rs. 20,Rs. 25,Rs. 30,2,2,2,1
A shopkeeper gives two successive discounts of 10% and 20%. What is the equivalent single discount,30%,28%,25%,22%,2,2,2,1
The cost price of an article is 80% of its marked price for sale. How much per cent does the tradesman gain after allowing a discount of 12%,20%,12.50%,10%,8%,3,2,2,1
Peter purchased a machine for Rs. 80000 and spent Rs. 5000 on repair and Rs. 1000 on transport and sold it with 25% profit. At what price did he sell the machine,Rs. 105000,Rs. 106250,Rs. 107500,Rs. 110000,3,2,2,1
A dishonest milkman professes to sell his milk at cost price but he mixes it with water and thereby gains 25%. The percentage of water in the mixture is,20%,25%,15%,30%,1,2,2,1
A vendor loses the selling price of 4 oranges on selling 36 oranges. His loss per cent is,10%,11.11%,12.50%,9%,1,2,2,1
A reduction of 20% in the price of wheat enables a person to buy 3.5 kg more wheat for Rs. 770. The original price of the wheat is,Rs. 45 per kg,Rs. 48 per kg,Rs. 55 per kg,Rs. 60 per kg,3,2,2,1
A shopkeeper marks the price of an item 50% above its cost price. What is the maximum discount percentage that he can offer so that he ends up with no profit and no loss,50%,40%,33.33%,25%,3,2,2,1
If the loss on an article is 13 of the selling price the loss percentage is,16.66%,20%,25%,33.33%,3,2,2,1
A retailer buys 40 pens at the marked price of 36 pens from a wholesaler. If he sells these pens giving a discount of 1% what is the profit percent,9%,10%,10.10%,11%,2,2,2,1
Alfred buys an old scooter for Rs. 4700 and spends Rs. 800 on its repairs. If he sells the scooter for Rs. 5800 his gain percent is,4.50%,5.45%,5%,6%,2,1,2,1
The profit obtained by selling an article for Rs. 56 is the same as the loss obtained by selling it for Rs. 42. What is the cost price,Rs. 49,Rs. 50,Rs. 51,Rs. 52,1,2,2,1
A person sold an article at a profit of 12%. If he had sold it for Rs. 3.60 more he would have gained 18%. What is the cost price,Rs. 50,Rs. 60,Rs. 70,Rs. 80,2,2,2,1
A man wanted to sell his bat at a discount of 8%. His brother who was a cricketer wanted to buy the bat so the man sells it at a discount of 10%. In this deal the man reduces his profit by Rs. 70. What was the marked price of the bat,Rs. 3200,Rs. 3500,Rs. 3800,Rs. 4000,2,2,2,1
By selling an article Michael earned a profit equal to onefourth of the price he bought it. If he sold it for Rs. 375 what was the cost price,Rs. 280.75,Rs. 300,Rs. 312.50,Rs. 350,2,2,2,1
An article is sold at a certain price. By selling it at 23 of that price one loses 10%. Find the gain percent at the original price.,20%,30%,35%,40%,3,2,2,1
A shopkeeper bought 30 kg of wheat at the rate of Rs. 45 per kg. He sold forty percent of the total quantity at the rate of Rs. 50 per kg. Approximately at what price per kg should he sell the remaining quantity to make 25 percent overall profit,Rs. 54,Rs. 56,Rs. 58,Rs. 60,2,2,2,1
The C.P. of two dozen mangoes is Rs. 32. After selling 18 mangoes at Rs. 12 per dozen the shopkeeper reduced the rate to Rs. 4 per dozen. The percent loss is,15%,20%,25%,37.50%,4,2,2,1
A man purchases a certain number of articles at 3 per rupee and the same number at 4 per rupee. He mixes them and sells them at 3 per rupee. What is his gain or loss percent,14.28% loss,14.28% gain,16.66% gain,16.66% loss,2,2,2,1
A dishonest dealer professes to sell his goods at cost price but he uses a weight of 950 grams for a kilogram. What is his actual profit percentage,5%,5.26%,5.50%,5.12%,2,1,3,1
A merchant marks up an item by 40% and then offers a 20% discount. What is the overall profit or loss percentage,12% profit,12% loss,20% profit,20% loss,1,1,3,1
A seller buys two watches for a total of 10000. He sells one at a 20% profit and the other at a 10% loss. If the selling price of both watches is the same what is the cost price of the watch sold at a profit40005000,6,0,7,0,3,2,3,1
A dishonest dealer professes to sell his goods at cost price but he uses a weight of 950 grams for a kilogram. What is his actual profit percentage,5%,5.26%,5.50%,5.12%,2,1,3,1
A shopkeeper sells an article at a 10% loss. If he had sold it for 90 more he would have gained 5%. What is the cost price of the article,500,600,700,800,2,1,3,1
A trader bought a certain number of articles at 60 per article. He sold onethird of them at a 20% profit another onethird at a 10% loss and the rest at cost price. What is the overall profit or loss percentage,3.33% profit,3.33% loss,5% profit,5% loss,1,2,3,1
A man sells an article at a certain price. If he sells it at 80% of this price he loses 10%. What is the profit percentage if he sells it at the original price,10.50%,11.25%,12.50%,15%,3,2,3,1
A products selling price is reduced by 140 resulting in a loss of 25% instead of a profit of 15%. What is the cost price of the product,350,400,450,500,1,1,3,1
A manufacturer sells goods to a wholesaler at a 20% profit. The wholesaler sells them to a retailer at a 10% profit. The retailer sells them to a customer at a 15% profit. If the customer pays 3795 what was the cost for the manufacturer25002750,3,0,3,200,2,2,3,1
A man sold a chair for 540 and made a profit of 20%. To make a profit of 25% at what price should he sell it,560,580,600,625,4,1,3,1
A vendor sells 16 apples for the cost price of 20 apples. What is the profit percentage,20%,25%,30%,35%,2,1,3,1
A man sells an article at a 25% profit. If the cost price and selling price are both reduced by 200 the profit is 30%. Find the original cost price.10001200,1,400,1,600,2,2,3,1
A shopkeeper gives a 10% discount on the marked price and still makes a 20% profit. If the cost price is 900 what is the marked price10001100,1,200,1,300,3,1,3,1
A car dealer sells two cars for 500000 each. On one he makes a profit of 10% and on the other he incurs a loss of 10%. What is the total profit or loss in the transactionNo profit no loss10000 loss,10,000 profit,20,000 loss,2,2,3,1
A person buys a certain number of articles at 12 for 10 and sells them at 10 for 12. What is the profit percentage,40%,44%,45%,50%,2,1,3,1
A trader bought an article at 20% less than its original price. He sold it at a 40% profit on the price he paid. What is his percentage profit on the original price,12%,15%,18%,20%,1,2,3,1
A shopkeeper marks his goods up by 50% and then offers a discount. If his profit is 20% what is the discount percentage,20%,25%,30%,33.33%,1,1,3,1
A man sells two articles for 4800 each. On one he gains 20% and on the other he loses 20%. What is his total loss or profit,400 loss,400 profit,480 loss,480 profit,1,2,3,1
By selling an article for 720 a man loses 10%. To gain 5% at what price should he sell it,800,840,850,900,2,1,3,1
A dealer offers a discount of 20% on the marked price of a shirt and still makes a profit of 25%. If the marked price is 1000 what is the cost price,640,720,800,850,1,1,3,1
A trader mixes two varieties of rice one costing 50kg and the other 70kg in the ratio 32. He sells the mixture at 65kg. What is his profit percentage,10%,12.50%,15%,18%,2,2,3,1
If the selling price of an article is doubled the profit triples. What is the original profit percentage,50%,75%,100%,120%,3,2,3,1
A person sells two articles for 1800 each. On one he gains 20% and on the other he loses 20%. What is his total profit or loss150 loss,180 loss,120 loss,No loss,no profit,1,2,3,1
A dishonest milkman sells milk at cost price but mixes water in it. He earns a profit of 25%. What is the ratio of milk to water in the mixture,401,501,301,601,1,1,3,1
By selling an article for 800 a person loses 20%. To gain 25% what should be the selling price10001200,1,250,1,500,3,1,3,1
A trader offers two successive discounts of 10% and 20% on an item. If he sells the item for 1800 what was the marked price22002250,2,400,2,500,4,1,3,1
A retailer sells an item at a 20% profit. The customer sells it to another person at a 10% loss. What is the profit or loss for the retailer if the second person pays 2700 for the item,400 profit,450 profit,500 profit,600 profit,3,2,3,1
A person sold a book for 120 making a profit of 20%. If he sold it for 90 what would have been his profit or loss percentage,5% profit,5% loss,10% profit,10% loss,4,1,3,1
The cost price of 20 articles is the same as the selling price of x articles. If the profit is 25% what is the value of x,15,16,18,20,2,1,3,1
A shopkeeper offers a 10% discount on an item and still makes a 20% profit. If the marked price is 1100 what is the cost price,825,850,880,900,1,1,3,1
A dishonest shopkeeper sells goods at 10% profit but uses a weight of 800 grams instead of 1 kilogram. What is his total profit percentage,37.50%,38.75%,40%,42.50%,2,2,3,1
A man sells an article at a certain price. If he sells it at 75% of this price he loses 20%. What is the profit percentage if he sells it at the original price,5%,6.67%,7.50%,8%,2,2,3,1
The price of an item is marked up by 25%. It is then sold at a discount of 10%. If the profit is 100 what is the cost price of the item800900,1,0,1,100,3,2,3,1
A trader sells an item at a profit of 25%. If he had bought it at 20% less and sold it for 10.50 less he would have gained 30%. What is the cost price of the item,150,175,200,225,1,2,3,1
A shopkeeper earns a profit of 20% on selling a book at a 20% discount on the marked price. If the cost price is 150 what is the marked price,200,225,250,275,2,1,3,1
A man sells an article at a profit of 15%. If he had sold it for 60 more he would have gained 20%. What is the cost price10001200,1,400,1,500,2,1,3,1
A person buys a certain number of oranges at 5 for 1 and sells them at 4 for 1. What is the profit percentage,20%,25%,30%,35%,2,1,3,1
The cost price of two watches is 840. One is sold at a profit of 16% and the other at a loss of 12%. There is no profit or loss in the whole transaction. What is the cost price of the watch sold at a loss,360,400,480,520,3,2,3,1
A trader buys an item at a 20% discount on its marked price. He then sells it at a 10% profit on the marked price. What is his percentage profit,30%,35%,37.50%,40%,3,2,3,1
By selling an article at 80% of its selling price a person loses 10%. What is the profit or loss percentage if he sells it at its original selling price,10% profit,12.5% profit,15% profit,12.5% loss,2,2,3,1
A man sells an article at a profit of 20%. If he had bought it at 10% less and sold it for 18 more he would have gained 40%. What is the cost price,150,180,200,220,3,2,3,1
A person buys 10 articles for 8 and sells them at 8 articles for 10. What is the profit percentage,50%,56.25%,60%,62.50%,2,2,3,1
A shopkeeper sells an article for 520 incurring a loss of 15%. To make a profit of 20% what should be the selling price,700,720,750,780,2,1,3,1
A dishonest dealer sells his goods at 10% profit on cost price but uses a weight of 880 grams instead of 1 kilogram. What is his actual profit percentage,22%,23.50%,25%,26.25%,3,2,3,1
A person sells two articles for 1200 each. On one he gains 25% and on the other he loses 25%. What is the overall profit or loss percentage,5% loss,6.25% loss,5% profit,6.25% profit,2,2,3,1
A man buys a radio at a 20% discount on its marked price and sells it at a 10% profit. If the selling price is 1650 what is the marked price15001800,2,0,2,200,3,2,3,1
A shopkeeper bought 200 pens at a cost of 10 each. He sold 100 of them at a 5% profit and the remaining 100 at a 10% profit. What is his overall profit percentage,7%,7.50%,8%,8.50%,2,1,3,1
A person sells an article at a 10% loss. If he had sold it for 120 more he would have gained 10%. What is the cost price,500,600,700,800,2,1,3,1
A trader marks up his goods by 25% and then offers a discount. If his profit is 10% what is the discount percentage,10%,12%,15%,20%,2,1,3,1
A man sold a refrigerator and a television for 40000 each. On the refrigerator he gained 20% and on the television he lost 20%. What is his overall profit or loss3333.33 loss3333.33 profit,4,000 loss,4,000 profit,1,2,3,1
A vendor bought some lemons at 6 for 1 and an equal number at 8 for 1. He mixes them and sells them at 7 for 1. What is his profit or loss percentage,2.5% loss,2.5% profit,3.5% loss,3.5% profit,1,2,3,1
What is the simple interest on 5000 at 8% per annum for 3 years,1000,1200,1390,1400,2,1,1,2
What is the simple interest on 5000 at 8% per annum for 3 years,1000,1200,1400,1500,2,1,1,2
Find the amount for a principal of 8000 at 5% simple interest for 4 years,9000,9600,10000,10500,2,1,1,2
Calculate the simple interest on 12000 at 6% for 2 years.,1240,1340,1440,1540,3,1,1,2
A sum of 10000 is invested at 10% per annum simple interest. In how many years will it double,8years,9years,10years,11years,3,1,1,2
What is the principal amount if the simple interest is 450 at 5% for 3 years,2000,2500,3000,3500,3,1,1,2
Find the rate of simple interest if a sum of 6000 becomes 7200 in 4 years.,5%,6%,7%,8%,1,1,1,2
The simple interest on a certain sum for 5 years at 8% is 1600. What is the sum,3000,3500,4000,4500,4,1,1,2
What is the simple interest on 20000 at 7% per annum for 2 years,2800,3000,3200,3500,1,1,1,2
In what time will 1500 amount to 1800 at 4% simple interest per annum,4years,5years,6years,7years,2,1,1,2
What is the simple interest on 9000 at 10% for 2 years,1800,1900,2000,2100,1,1,1,2
Calculate the amount if 5000 is compounded annually at 4% for 2 years.,5400,5408,5410,5420,2,1,1,2
What is the compound interest on 1000 at 5% for 2 years,100.5,101.5,102.5,103.5,3,1,1,2
Find the compound interest on 4000 at 10% per annum for 3 years.,1200,1324,1400,1500,2,1,1,2
A sum of 3000 is invested at 6% per annum compounded annually. What is the amount after 2 years,3370.8,3370,3371.8,3372.8,1,1,1,2
What is the compound interest on 8000 at 5% for 2 years,compoundedhalfyearly,810,820,825,830,1,1,2
Find the difference between simple and compound interest on 2000 at 5% for 2 years.,5,10,15,20,1,1,1,2
If a sum of money at compound interest doubles in 5 years,inhowmanyyearswillitbecome8times,10years,15years,20years,25 years,2,1,2
What is the amount for a principal of 15000 at 8% compounded annually for 2 years,17496,17500,17600,17700,1,1,1,2
Calculate the compound interest on 6000 at 10% per annum for 2 years,compoundedhalfyearly.,1260,1280,1290,1300,4,1,2
A sum of 2500 is invested at 4% compound interest. What is the amount after 3 years,2810,2812,2812.16,2812.5,3,1,1,2
The simple interest on a sum of money is 600 for 2 years at 10%. What is the compound interest on the same sum for the same period and rate,600,630,660,700,2,2,1,2
Find the amount on a principal of 10000 at 10% per annum,compoundedannuallyfor3years.,13310,13410,13510,13610,1,1,2
What is the difference between simple and compound interest on 5000 at 4% for 2 years,8,10,12,15,1,1,1,2
In how many years will 1000 become 1331 at 10% compound interest,2years,3years,4years,5years,2,1,1,2
Calculate the compound interest on 5000 at 6% for 2 years.,618,620,622,625,1,1,1,2
What is the principal amount if the compound interest is 210 at 10% for 2 years,1000,1200,1500,2000,1,1,1,2
Find the amount if 7000 is compounded annually at 5% for 3 years.,8100.38,8110.38,8120.38,8130.38,1,1,1,2
A sum of money becomes 4 times in 2 years at compound interest. At what rate is the interest compounded,50%,75%,100%,150%,3,2,1,2
What is the simple interest on 4500 at 6% for 3 years,810,820,830,840,1,1,1,2
In what time will a sum of money triple itself at 10% simple interest,10years,15years,20years,25years,3,1,1,2
Find the rate of simple interest if 2000 becomes 2400 in 5 years.,4%,5%,6%,7%,1,1,1,2
What is the simple interest on 1200 at 5% for 4 years,240,250,260,270,1,1,1,2
A principal of 500 is compounded annually at 10% for 3 years. What is the compound interest,165.5,166.5,167.5,168.5,1,1,1,2
What is the simple interest on 2500 at 8% for 2 years,400,450,500,550,1,1,1,2
Find the amount if 3500 is compounded annually at 8% for 2 years.,4082.4,4083.4,4084.4,4085.4,1,1,1,2
In what time will 800 amount to 1000 at 5% simple interest per annum,4years,5years,6years,7years,2,1,1,2
Calculate the simple interest on 6500 at 4% for 3 years.,780,790,800,810,1,1,1,2
What is the compound interest on 1000 at 10% for 2 years,compoundedhalfyearly,215.5,216.5,217.5,218.5,1,1,2
Find the difference between simple and compound interest on 10000 at 6% for 2 years.,30,32,34,36,4,1,1,2
A sum of money at compound interest becomes 2420 in 2 years at 10%. What is the principal,1800,1900,2000,2100,3,1,1,2
What is the simple interest on 7500 at 6% for 2 years,900,950,1000,1050,1,1,1,2
In how many years will a sum of money become 4 times at 20% simple interest,10years,15years,20years,25years,2,1,1,2
Find the rate of compound interest if 5000 becomes 5512.50 in 2 years.,4%,5%,6%,7%,2,2,1,2
The simple interest on a certain sum for 3 years at 5% is 300. What is the sum,1800,2000,2200,2500,2,1,1,2
Calculate the amount if 12000 is compounded annually at 5% for 3 years.,13891.5,13892.5,13893.5,13894.5,1,1,1,2
What is the compound interest on 9000 at 8% for 2 years,1497.6,1498.6,1499.6,1500.6,1,1,1,2
A sum of money becomes 8 times in 3 years at compound interest. At what rate is the interest compounded,100%,150%,200%,250%,1,2,1,2
What is the simple interest on 1800 at 4% for 5 years,360,370,380,390,1,1,1,2
In what time will 400 amount to 440 at 5% simple interest per annum,1year,2years,3years,4years,2,1,1,2
A sum of money invested at simple interest triples itself in 8 years. In how many years will it become six times itself,10 years,12 years,14 years,15 years,2,2,2,2
The difference between the simple interest and compound interest on a sum of 15000 for 2 years is 96. What is the rate of interest per annum,8%,9%,10%,12%,4,2,2,2
A man borrows 18000 at 10% compound interest. He repays 6000 at the end of the first year and 7000 at the end of the second year. How much should he pay at the end of the third year to clear the loan98009820,9,850,9,878,4,2,2,2
A sum of money lent at simple interest becomes 10200 in 2 years and 12750 in 5 years. What is the rate of interest per annum,10%,12.50%,15%,17.50%,3,2,2,2
What is the compound interest on 25000 for 1.5 years at 16% per annum compounded halfyearly64006500,6,624,6,750,3,2,2,2
A certain sum of money amounts to 2420 in 2 years and 2662 in 3 years at compound interest. What is the rate of interest,8%,9%,10%,11%,3,2,2,2
At what rate of simple interest will a sum of money become 74 of itself in 4 years,15%,16.50%,18.75%,20%,3,1,2,2
Find the compound interest on 16000 for 9 months at 20% per annum compounded quarterly.24002522,2,580,2,600,2,2,2,2
The simple interest on a certain sum for 2 years is 1200 and the compound interest is 1260. What is the principal amount1000012000,15,0,18,0,2,2,2,2
A person invested a certain amount at 12% simple interest. In 5 years the amount received was 12800. What was the principal amount80009000,10,0,10,500,1,1,2,2
The simple interest on a sum of money is 19 of the principal and the number of years is equal to the rate percent per annum. What is the rate,3%,3.33%,4%,4.50%,2,1,2,2
A sum of money becomes 1460 in 3 years and 1606 in 4 years at compound interest. What is the principal10001100,1,200,1,300,3,2,2,2
If the difference between CI and SI on a certain sum for 3 years at 10% is 620 what is the sum1800020000,22,0,25,0,2,2,2,2
What is the simple interest on 14000 for 1 year and 3 months at 10% per annum16501750,1,800,1,850,2,1,2,2
A sum of money amounts to 6690 after 3 years and to 10035 after 6 years on compound interest. Find the principal.44604500,4,650,4,800,1,2,2,2
What is the compound interest on 32000 for 1 year at 20% per annum compounded halfyearly65006520,6,528,6,550,3,2,2,2
A certain sum of money at compound interest becomes 8820 in 2 years and 9261 in 3 years. What is the principal amount78008000,8,200,8,400,2,2,2,2
A sum of money doubles itself at a certain rate of simple interest in 10 years. In how many years will it triple itself at the same rate,15 years,20 years,25 years,30 years,2,1,2,2
The difference between the compound interest and simple interest on a certain sum at 10% per annum for 3 years is 155. Find the sum.50005500,6,0,6,200,1,2,2,2
At what rate percent per annum simple interest will a sum of money double itself in 12 years,8.33%,8.50%,8.66%,9%,1,1,2,2
The compound interest on a sum of money for 2 years is 832 and the simple interest on the same sum for the same period is 800. What is the rate of interest per annum,5%,6%,7%,8%,4,2,2,2
A sum of money invested at simple interest amounts to 1500 in 3 years and 1750 in 5 years. What is the principal amount10001100,1,125,1,200,3,2,2,2
What is the compound interest on 50000 for 2 years at 10% per annum compounded annually1050011000,11,250,11,500,1,1,2,2
The simple interest on a certain sum for 4 years at 9% is 1800. What will be the compound interest on the same sum at the same rate for 2 years,900,950,981,995,3,2,2,2
If a certain sum of money at compound interest becomes 48400 in 2 years and 53240 in 3 years what is the rate of interest,8%,9%,10%,11%,3,2,2,2
A man borrows 100000 at 10% compound interest. At the end of each year he pays 20000. How much does he still owe after 2 years8600088000,89,0,92,0,2,2,2,2
The compound interest on 8000 at 10% per annum for 1 year compounded halfyearly is,820,825,830,850,1,1,2,2
A sum of money amounts to 7800 in 2 years and 11700 in 4 years at compound interest. Find the principal.48005000,5,200,5,400,3,2,2,2
If a principal amounts to 1100 in 2 years at simple interest and the rate of interest is 5% per annum what is the principal9501000,1,50,1,100,2,1,2,2
The difference between the simple and compound interest on 4000 for 2 years is 10. What is the rate of interest,5%,6%,7%,8%,1,2,2,2
A sum of money doubles itself in 5 years at compound interest. In how many years will it become 16 times itself,15 years,20 years,25 years,30 years,2,2,2,2
What is the simple interest on a sum of money which amounts to 7700 in 3 years and 8750 in 5 years at simple interest65006600,6,650,6,700,3,2,2,2
A sum of money at compound interest becomes 2400 in 2 years and 2520 in 3 years. What is the rate of interest,5%,6%,7%,8%,1,1,2,2
The simple interest on a sum for 3 years at 6% is 90. What will be the compound interest on the same sum at the same rate for 2 years,61.8,62.5,63.6,64.5,3,2,2,2
If a certain sum becomes 6000 in 2 years at 10% simple interest what is the principal40004500,5,0,5,500,3,1,2,2
What is the amount on 10000 for 1 year and 6 months at 10% per annum compounded halfyearly11576.2511577.25,11,578.25,11,579.25,1,2,2,2
The simple interest on a certain sum is 1625 of the sum. If the number of years is equal to the rate of interest what is the rate,5%,6%,7%,8%,4,2,2,2
A sum of money at simple interest becomes 8150 in 3 years and 8540 in 4 years. What is the sum69006950,7,0,7,50,4,2,2,2
What is the difference between simple and compound interest on 15000 for 3 years at 4% per annum,72.96,73.96,74.96,75.96,2,2,2,2
A person invests 20000 for 2 years at compound interest. If the interest is compounded annually at 10% what is the interest earned40004100,4,200,4,500,2,1,2,2
A sum of money amounts to 1331 in 3 years at 10% per annum compound interest. What is the principal9001000,1,100,1,200,2,1,2,2
At what rate of simple interest will a sum of money become 5 times itself in 20 years,15%,20%,25%,30%,2,1,2,2
The simple interest on a certain sum for 2 years is 2000 and the compound interest is 2200. Find the principal.10002000,3,0,4,0,3,2,2,2
A sum of 12000 is invested at 5% simple interest for 2 years. What is the total interest earned12001300,1,400,1,500,1,1,2,2
The compound interest on 5000 for 3 years at 10% per annum is15001550,1,655,1,755,3,1,2,2
A sum of money amounts to 6000 in 2 years at 10% compound interest. What is the principal48004958.67,5,0,5,200,2,2,2,2
What is the simple interest on 25000 for 2 years at 12% per annum50005500,6,0,6,500,3,1,2,2
A certain sum of money at compound interest becomes 8000 in 2 years and 8800 in 3 years. What is the sum65006611.57,6,700,6,800,2,2,2,2
The difference between the simple interest and compound interest on a sum of 10000 for 2 years is 25. What is the rate of interest per annum,4%,5%,6%,7%,2,2,2,2
In what time will 2000 become 2420 at 10% per annum compound interest,1 year,2 years,3 years,4 years,2,1,2,2
A sum of money invested at simple interest triples itself in 8 years. In how many years will it become six times itself,10 years,12 years,14 years,15 years,2,2,3,2
The difference between the simple interest and compound interest on a sum of 15000 for 2 years is 96. What is the rate of interest per annum,8%,9%,10%,12%,4,2,3,2
A man borrows 18000 at 10% compound interest. He repays 6000 at the end of the first year and 7000 at the end of the second year. How much should he pay at the end of the third year to clear the loan98009820,9,850,9,878,4,2,3,2
A sum of money lent at simple interest becomes 10200 in 2 years and 12750 in 5 years. What is the rate of interest per annum,10%,12.50%,15%,17.50%,3,2,3,2
What is the compound interest on 25000 for 1.5 years at 16% per annum compounded halfyearly64006500,6,624,6,750,3,2,3,2
A certain sum of money amounts to 2420 in 2 years and 2662 in 3 years at compound interest. What is the rate of interest,8%,9%,10%,11%,3,2,3,2
At what rate of simple interest will a sum of money become 74 of itself in 4 years,15%,16.50%,18.75%,20%,3,1,3,2
Find the compound interest on 16000 for 9 months at 20% per annum compounded quarterly.24002522,2,580,2,600,2,2,3,2
The simple interest on a certain sum for 2 years is 1200 and the compound interest is 1260. What is the principal amount1000012000,15,0,18,0,2,2,3,2
A person invested a certain amount at 12% simple interest. In 5 years the amount received was 12800. What was the principal amount80009000,10,0,10,500,1,1,3,2
The simple interest on a sum of money is 19 of the principal and the number of years is equal to the rate percent per annum. What is the rate,3%,3.33%,4%,4.50%,2,1,3,2
A sum of money becomes 1460 in 3 years and 1606 in 4 years at compound interest. What is the principal10001100,1,200,1,300,3,2,3,2
If the difference between CI and SI on a certain sum for 3 years at 10% is 620 what is the sum1800020000,22,0,25,0,2,2,3,2
What is the simple interest on 14000 for 1 year and 3 months at 10% per annum16501750,1,800,1,850,2,1,3,2
A sum of money amounts to 6690 after 3 years and to 10035 after 6 years on compound interest. Find the principal.44604500,4,650,4,800,1,2,3,2
What is the compound interest on 32000 for 1 year at 20% per annum compounded halfyearly65006520,6,528,6,550,3,2,3,2
A certain sum of money at compound interest becomes 8820 in 2 years and 9261 in 3 years. What is the principal amount78008000,8,200,8,400,2,2,3,2
A sum of money doubles itself at a certain rate of simple interest in 10 years. In how many years will it triple itself at the same rate,15 years,20 years,25 years,30 years,2,1,3,2
The difference between the compound interest and simple interest on a certain sum at 10% per annum for 3 years is 155. Find the sum.50005500,6,0,6,200,1,2,3,2
At what rate percent per annum simple interest will a sum of money double itself in 12 years,8.33%,8.50%,8.66%,9%,1,1,3,2
The compound interest on a sum of money for 2 years is 832 and the simple interest on the same sum for the same period is 800. What is the rate of interest per annum,5%,6%,7%,8%,4,2,3,2
A sum of money invested at simple interest amounts to 1500 in 3 years and 1750 in 5 years. What is the principal amount10001100,1,125,1,200,3,2,3,2
What is the compound interest on 50000 for 2 years at 10% per annum compounded annually1050011000,11,250,11,500,1,1,3,2
The simple interest on a certain sum for 4 years at 9% is 1800. What will be the compound interest on the same sum at the same rate for 2 years,900,950,981,995,3,2,3,2
If a certain sum of money at compound interest becomes 48400 in 2 years and 53240 in 3 years what is the rate of interest,8%,9%,10%,11%,3,2,3,2
A man borrows 100000 at 10% compound interest. At the end of each year he pays 20000. How much does he still owe after 2 years8600088000,89,0,92,0,2,2,3,2
The compound interest on 8000 at 10% per annum for 1 year compounded halfyearly is,820,825,830,850,1,1,3,2
A sum of money amounts to 7800 in 2 years and 11700 in 4 years at compound interest. Find the principal.48005000,5,200,5,400,3,2,3,2
If a principal amounts to 1100 in 2 years at simple interest and the rate of interest is 5% per annum what is the principal9501000,1,50,1,100,2,1,3,2
The difference between the simple and compound interest on 4000 for 2 years is 10. What is the rate of interest,5%,6%,7%,8%,1,2,3,2
A sum of money doubles itself in 5 years at compound interest. In how many years will it become 16 times itself,15 years,20 years,25 years,30 years,2,2,3,2
What is the simple interest on a sum of money which amounts to 7700 in 3 years and 8750 in 5 years at simple interest65006600,6,650,6,700,3,2,3,2
A sum of money at compound interest becomes 2400 in 2 years and 2520 in 3 years. What is the rate of interest,5%,6%,7%,8%,1,1,3,2
The simple interest on a sum for 3 years at 6% is 90. What will be the compound interest on the same sum at the same rate for 2 years,61.8,62.5,63.6,64.5,3,2,3,2
If a certain sum becomes 6000 in 2 years at 10% simple interest what is the principal40004500,5,0,5,500,3,1,3,2
What is the amount on 10000 for 1 year and 6 months at 10% per annum compounded halfyearly11576.2511577.25,11,578.25,11,579.25,1,2,3,2
The simple interest on a certain sum is 1625 of the sum. If the number of years is equal to the rate of interest what is the rate,5%,6%,7%,8%,4,2,3,2
A sum of money at simple interest becomes 8150 in 3 years and 8540 in 4 years. What is the sum69006950,7,0,7,50,4,2,3,2
What is the difference between simple and compound interest on 15000 for 3 years at 4% per annum,72.96,73.96,74.96,75.96,2,2,3,2
A person invests 20000 for 2 years at compound interest. If the interest is compounded annually at 10% what is the interest earned40004100,4,200,4,500,2,1,3,2
A sum of money amounts to 1331 in 3 years at 10% per annum compound interest. What is the principal9001000,1,100,1,200,2,1,3,2
At what rate of simple interest will a sum of money become 5 times itself in 20 years,15%,20%,25%,30%,2,1,3,2
The simple interest on a certain sum for 2 years is 2000 and the compound interest is 2200. Find the principal.10002000,3,0,4,0,3,2,3,2
A sum of 12000 is invested at 5% simple interest for 2 years. What is the total interest earned12001300,1,400,1,500,1,1,3,2
The compound interest on 5000 for 3 years at 10% per annum is15001550,1,655,1,755,3,1,3,2
A sum of money amounts to 6000 in 2 years at 10% compound interest. What is the principal48004958.67,5,0,5,200,2,2,3,2
What is the simple interest on 25000 for 2 years at 12% per annum50005500,6,0,6,500,3,1,3,2
A certain sum of money at compound interest becomes 8000 in 2 years and 8800 in 3 years. What is the sum65006611.57,6,700,6,800,2,2,3,2
The difference between the simple interest and compound interest on a sum of 10000 for 2 years is 25. What is the rate of interest per annum,4%,5%,6%,7%,2,2,3,2
In what time will 2000 become 2420 at 10% per annum compound interest,1 year,2 years,3 years,4 years,2,1,3,2
What comes next in the series 2 4 6 8,10,12,14,16,1,1,1,3
What is the next number in the series 5 10 15 20,25,30,35,40,1,1,1,3
Find the next term 1 3 5 7,9,10,11,13,1,1,1,3
Complete the series 10 20 30 40,50,60,70,80,1,1,1,3
Find the missing number 2 5 8 11,13,14,15,16,2,1,1,3
What comes next in the sequence 1 2 4 8,10,12,14,16,4,1,1,3
Find the next term 3 6 9 12,14,15,16,18,2,1,1,3
Complete the series 1 4 9 16,20,22,24,25,4,1,1,3
What is the next number 1 1 2 3 5,6,7,8,9,3,1,1,3
Find the missing number 4 8 12 16,18,20,22,24,2,1,1,3
Complete the series 100 90 80 70,60,55,50,45,1,1,1,3
What comes next 2 4 8 16,32,36,40,48,1,1,1,3
Find the next term 7 14 21 28,30,32,35,38,3,1,1,3
Complete the series 1 8 27 64,81,90,100,125,4,2,1,3
What is the next number 1 2 3 5 8,11,12,13,14,3,1,1,3
Find the missing number 15 12 9 6,3,4,5,2,1,1,1,3
Complete the series 2 3 5 7 11,12,13,15,17,2,2,1,3
What comes next 25 36 49 64,81,90,100,121,1,1,1,3
Find the next term 10 8 6 4,2,1,0,2,1,1,1,3
Complete the series 3 5 7 9,11,12,13,14,1,1,1,3
What is the next number 5 8 11 14,16,17,18,19,4,1,1,3
Find the missing number 1 3 6 10,13,15,18,20,2,1,1,3
Complete the series 10 12 14 16,18,20,22,24,1,1,1,3
What comes next 2 6 10 14,16,18,20,22,2,1,1,3
Find the next term 10 9 8 7,5,6,4,3,2,1,1,3
Complete the series 2 4 7 11,15,16,17,18,2,1,1,3
What is the next number 1 4 7 10,12,13,14,15,2,1,1,3
Find the missing number 20 18 16 14,12,10,8,6,1,1,1,3
Complete the series 3 4 6 9,11,12,13,14,3,1,1,3
What comes next 100 95 90 85,80,75,70,65,1,1,1,3
Find the next term 1 5 9 13,15,16,17,18,3,1,1,3
Complete the series 50 45 40 35,30,25,20,15,1,1,1,3
What is the next number 2 5 9 14,18,19,20,21,4,1,1,3
Find the missing number 1 2 4 7,10,11,12,13,2,1,1,3
Complete the series 12 15 18 21,23,24,25,26,2,1,1,3
What comes next 5 7 9 11,12,13,14,15,2,1,1,3
Find the next term 1 2 6 24,48,72,120,144,3,2,1,3
Complete the series 1 10 100 1000,10000,10100,10200,10300,1,1,1,3
What is the next number 1 2 4 5 7 8,9,10,11,12,2,1,1,3
Find the missing number 13 11 9 7,5,4,3,2,1,1,1,3
Complete the series 11 13 15 17,18,19,20,21,2,1,1,3
What comes next 1 2 3 4,5,6,7,8,1,1,1,3
Find the next term 1 3 9 27,54,64,81,100,3,1,1,3
Complete the series 5 10 12 24 26,30,52,54,56,4,2,1,3
What is the next number 1 2 2 4 8,16,20,24,32,4,2,1,3
Find the missing number 1 4 2 5 3 6,4,5,6,7,1,1,1,3
Complete the series 10 15 20 25,30,35,40,45,1,1,1,3
What comes next 2 3 4 5 6,7,8,9,10,1,1,1,3
Find the next term 2 4 5 10 11,12,13,22,23,3,2,1,3
Complete the series 1 2 4 8,16,18,20,22,1,1,1,3
What is the next term in the series 3 7 13 21,28,31,33,35,2,2,2,3
Find the missing number in the series 5 6 9 14 21,30,32,34,36,1,2,2,3
Complete the sequence 1 4 10 22,40,42,44,46,2,2,2,3
What comes next in the series 2 3 7 16 32,48,50,54,57,4,2,2,3
Find the next term 1 3 9 27,64,70,75,81,1,2,2,3
Complete the series 10 15 13 18 16,19,20,21,22,1,2,2,3
What is the next number in the series 2 8 18 32 50,60,62,64,68,3,2,2,3
Find the missing number 7 10 16 28,50,52,54,56,2,2,2,3
Complete the sequence 5 8 14 26 50,90,96,98,100,3,2,2,3
What comes next 1 2 6 24 120,240,360,600,720,4,2,2,3
Find the next term 1 2 5 12 27,40,44,46,48,3,2,2,3
Complete the series 3 5 9 17 33,63,64,65,67,3,2,2,3
What is the next number 1 3 7 15 31,61,62,63,64,2,2,2,3
Find the missing number 2 12 36 80,120,128,132,140,2,2,2,3
Complete the sequence 2 5 10 17 26,33,34,35,36,3,2,2,3
What comes next in the series 6 11 21 36 56,72,74,76,78,4,2,2,3
Find the next term 1 2 3 6 12 24,36,38,40,42,3,2,2,3
Complete the series 1 5 13 29 61,119,120,121,122,2,2,2,3
What is the next number 3 8 18 38 78,154,156,158,160,2,2,2,3
Find the missing number 4 10 22 46,88,89,90,92,3,2,2,3
Complete the sequence 2 4 12 48 240,720,960,1000,1200,3,2,2,3
What comes next 10 100 200 310,350,360,370,400,4,2,2,3
Find the next term 5 12 26 54,106,108,110,112,2,2,2,3
Complete the series 1 1 2 6 24,100,110,120,130,3,2,2,3
What is the next number 10 11 13 16 20,22,23,24,25,3,2,2,3
Find the missing number 5 9 17 33,63,64,65,66,2,2,2,3
Complete the sequence 2 3 8 27 112,224,336,448,512,3,2,2,3
What comes next in the series 1 4 27 256,1024,2048,3125,4096,3,2,2,3
Find the next term 3 7 15 31 63,125,126,127,128,2,2,2,3
Complete the series 4 9 16 25 36,44,45,46,49,4,2,2,3
What is the next number 1 2 3 5 8 13,18,20,21,22,2,2,2,3
Find the missing number 1 2 6 15 31,45,46,47,50,4,2,2,3
Complete the sequence 100 50 25 12.5,6.25,6.5,7,7.5,1,2,2,3
What comes next 2 6 12 20 30,36,38,39,40,1,2,2,3
Find the next term 1 3 4 7 11 18,23,24,25,26,3,2,2,3
Complete the series 5 7 11 13 17,18,19,20,21,2,2,2,3
What is the next number 1 4 9 16 25,34,35,36,37,3,2,2,3
Find the missing number 2 4 8 16 32,58,59,60,61,3,2,2,3
Complete the sequence 3 9 21 45,75,76,78,80,4,2,2,3
What comes next in the series 1 2 4 7 11,13,14,15,16,3,2,2,3
Find the next term 1 8 27 64 125,200,210,216,225,3,2,2,3
Complete the series 5 10 12 24 26,48,49,50,52,3,2,2,3
What is the next number 10 11 14 19 26,31,32,33,34,3,2,2,3
Find the missing number 7 8 12 21 37,59,60,61,62,2,2,2,3
Complete the sequence 4 10 20 34 52,64,66,68,70,3,2,2,3
What comes next 1 3 6 10 15,18,19,20,21,3,2,2,3
Find the next term 1 4 11 26 57,100,110,120,121,3,2,2,3
Complete the series 20 19 17 14 10,6,7,8,9,1,2,2,3
What is the next number 1 2 5 10 17,23,24,25,26,3,2,2,3
Find the missing number 1 2 3 5 8 13,19,20,21,22,3,2,2,3
What is the next number in the series 2 3 8 31 154 924925926927,154,155,156,157,156,2,3,3
Find the missing number 3 4 10 33 136 680685690695,272,273,274,275,273,2,3,3
Complete the series 4 9 29 119 599 3599360036013602,1199,1200,1201,1202,1200,3,3,3
What comes next 5 6 14 45 184 920925926930,365,366,367,368,366,2,3,3
Find the next term 6 10 18 34 66 130131132134,126,127,128,129,127,1,3,3
Complete the series 10 11 23 70 281 1400140514061410,562,563,564,565,564,2,3,3
What is the next number 1 2 6 30 210 2200231024002500,720,721,722,723,720,2,3,3
Find the missing number 2 3 7 25 121 720721722723,365,366,367,368,366,2,3,3
Complete the series 15 30 90 360 1800 10000108001100011500,5400,5401,5402,5403,5400,2,3,3
What comes next 4 10 33 136 685 4110411241164120,2740,2741,2742,2743,2742,3,3,3
Find the next term 1 3 7 13 21 31 40414345,37,38,39,40,39,3,3,3
Complete the series 8 12 24 60 180 540600630720,360,361,362,363,360,2,3,3
What is the next number 5 8 16 29 47 68707274,60,61,62,63,62,1,3,3
Find the missing number 2 5 11 23 47 90959697,83,84,85,86,83,4,3,3
Complete the series 10 100 200 310 430 550560570580,520,521,522,523,520,4,3,3
What comes next 1 2 6 21 88 440442445448,265,266,267,268,267,3,3,3
Find the next term 7 8 18 57 232 1160116511701175,465,466,467,468,466,2,3,3
Complete the series 3 5 9 17 33 65676971,49,50,51,52,65,1,3,3
What is the next number 1 3 7 15 31 62636465,61,62,63,64,63,2,3,3
Find the missing number 2 7 22 67 202 600605607610,607,608,609,610,607,3,3,3
Complete the series 5 12 26 54 110 220222224226,165,166,167,168,166,2,3,3
What comes next 1 1 2 6 24 120 700720740760,504,505,506,507,504,2,3,3
Find the next term 100 99 95 86 70 45464748,55,56,57,58,55,4,3,3
Complete the series 4 1 1 4 25 216225256260,124,125,126,127,125,3,3,3
What is the next number 1 2 4 8 16 32 64666870,63,64,65,66,64,1,3,3
Find the missing number 8 16 48 192 960 5600576058005900,2880,2881,2882,2883,2880,2,3,3
Complete the series 1 2 6 15 31 56 80859195,72,73,74,75,72,3,3,3
What comes next 1 3 4 7 11 18 28293031,28,29,30,31,29,2,3,3
Find the next term 2 3 8 27 112 565570575580,330,331,332,333,332,1,3,3
Complete the series 10 11 14 19 26 35 44454647,42,43,44,45,43,3,3,3
What is the next number 5 9 17 33 65 128129130131,127,128,129,130,127,2,3,3
Find the missing number 7 8 12 21 37 62 909598100,99,100,101,102,99,2,3,3
Complete the series 4 10 20 34 52 74 9698100102,94,95,96,97,94,4,3,3
What comes next 1 4 11 26 57 120 240245247250,201,202,203,204,203,3,3,3
Find the next term 20 19 17 14 10 5 0112,1,2,3,4,0,1,3,3
Complete the series 1 2 5 10 17 26 35363738,33,34,35,36,34,3,3,3
What is the next number 1 2 3 5 8 13 21 32343638,31,32,33,34,34,2,3,3
Find the missing number 1 4 9 16 25 36384042,35,36,37,38,36,1,3,3
Complete the series 3 9 21 45 93 189190191192,186,187,188,189,187,1,3,3
What comes next 1 2 4 7 11 16 20212223,18,19,20,21,19,3,3,3
Find the next term 1 8 27 64 125 200216225250,215,216,217,218,216,2,3,3
Complete the series 5 10 12 24 26 52 54565860,52,53,54,55,54,1,3,3
What is the next number 10 11 14 19 26 35 44454647,42,43,44,45,43,3,3,3
Find the missing number 7 8 12 21 37 62 98 130145150155,127,128,129,130,128,2,3,3
Complete the series 4 10 20 34 52 74 9698100102,94,95,96,97,94,4,3,3
What comes next 1 3 6 10 15 21 28293031,26,27,28,29,27,1,3,3
Find the next term 1 4 11 26 57 120 247 480490500502,423,424,425,426,425,3,3,3
Complete the series 20 19 17 14 10 5 0 1234,1,0,1,2,1,3,3,3
What is the next number 1 2 5 10 17 26 37 48505254,46,47,48,49,47,4,3,3
Find the missing number 1 2 3 5 8 13 21 34 55565758,53,54,55,56,55,1,3,3
Pointing to a man a woman said He is the son of my fathers mother. How is the man related to the woman,Brother,Uncle,Father,Grandfather,2,1,1,4
A is Bs sister. C is Bs father. D is Cs mother. How is A related to D,Daughter,Granddaughter,Mother,Sister,2,1,1,4
If P Q means P is the father of Q and P Q means P is the mother of Q then how is M related to R in M N R,Son,Grandfather,Father,Grandmother,2,1,1,4
X is the husband of Y. Z is the daughter of Y. How is X related to Z,Brother,Uncle,Father,Son,3,1,1,4
Introducing a boy a girl said He is the only son of the mother of my father. How is the boy related to the girl,Brother,Uncle,Cousin,Father,4,1,1,4
R is the brother of S. T is the wife of R. How is S related to T,BrotherinlawSisterinlaw,Son,Father,Aunt,1,1,1,4
If P is the brother of Q R is the father of Q how is R related to P,Uncle,Father,Grandfather,Brother,2,1,1,4
M is the daughter of P. P is the sister of Q. Q is the son of R. How is M related to R,Daughter,Mother,Granddaughter,Sister,3,1,1,4
Pointing to a photo A said She is the sister of the son of my wife. How is A related to the person in the photo,Father,Brother,Uncle,Son,1,1,1,4
J and K are brothers. L is the sister of J. M is the mother of L. How is M related to K,Aunt,Mother,Sister,Daughter,2,1,1,4
If A B means A is the son of B and A B means A is the wife of B how is D related to F in DEF,Son,Mother,Father,Daughter,4,1,1,4
S is the son of T. T is the mother of U. How is S related to U,Brother,Father,Sister,Cousin,1,1,1,4
A man introduces a woman as his mothers only daughters daughter. How is the woman related to the man,Sister,Mother,Niece,Aunt,3,1,1,4
E is the father of F. G is the daughter of F. How is E related to G,Father,Grandfather,Uncle,Brother,2,1,1,4
If my fathers sister is your mother who am I to you,Sister,Cousin,Niece,Aunt,2,1,1,4
V is the husband of W. X is the sister of V. How is X related to W,Sister,Sisterinlaw,Mother,Aunt,2,1,1,4
K is the only son of L. M is the wife of K. How is L related to M,FatherinlawMotherinlaw,Brotherinlaw,Uncle,Mother,1,1,1,4
If A B means A is the daughter of B and A B means A is the brother of B how is P related to R in P Q R,Son,Sister,Niece,Cousin,3,1,1,4
Pointing to a girl B said She is the wife of the grandson of my mother. How is the girl related to B,Daughter,Sisterinlaw,Wife,Daughterinlaw,4,1,1,4
C is the father of D. D is the mother of E. F is the brother of E. How is C related to F,Grandfather,Father,Uncle,Brother,1,1,1,4
If P is the mother of Q Q is the father of R. How is P related to R,Mother,Grandmother,Aunt,Daughter,2,1,1,4
The son of my fathers sister is my,Brother,Cousin,Uncle,Nephew,2,1,1,4
G is the wife of H. I is the son of G. J is the sister of I. How is H related to J,Father,Uncle,Brother,Son,1,1,1,4
Introducing a woman a man said Her father is my fathers only son. How is the woman related to the man,Sister,Daughter,Mother,Niece,2,1,1,4
If Husband is called Father Father is called Son Son is called Daughter what will a woman call her spouse,Father,Son,Daughter,Husband,1,1,1,4
A man walks 10 km North then turns East and walks 10 km. Which direction is he from his starting point,North,East,NorthEast,SouthEast,3,1,1,4
From a point Rahul walks 5 km South then turns left and walks 3 km. Which direction is he facing now,North,South,East,West,3,1,1,4
A person is facing West. He turns 90 anticlockwise. Which direction is he facing now,North,South,East,South,2,1,1,4
If NorthEast becomes South what will North become,SouthWest,West,SouthEast,East,3,1,1,4
A walks 4 km East then turns right and walks 3 km. How far is A from the starting point,7 km,1 km,5 km,4 km,3,1,1,4
A clock shows 9 oclock. If the minute hand points to East in which direction does the hour hand point,West,North,South,East,4,1,1,4
A boy walks 2 km towards South then turns right and walks 5 km. Finally he turns left and walks 3 km. In which direction is he walking now,North,South,East,West,2,1,1,4
Ram is facing North. He turns 180 clockwise. What direction is he facing,North,South,East,West,2,1,1,4
If South is called West what will North be called,East,North,West,South,1,1,1,4
From his house John walks 8 km West then 6 km North. What is the straight line distance from his house,14 km,2 km,10 km,8 km,3,1,1,4
A cyclist travels 5 km South turns right and travels 5 km then turns right and travels 5 km. Where is he from his start,5 km West,5 km East,5 km North,15 km South,1,1,1,4
A person is facing NorthWest. He turns 135 clockwise. Which direction is he facing,North,South,East,West,3,1,1,4
If East is called North and SouthEast is called NorthEast what is South called,West,East,NorthWest,North,2,1,1,4
A car moves 6 km North turns left and moves 8 km. It then turns right and moves 6 km. In which direction is it moving finally,North,South,East,West,1,1,1,4
Starting from P a person walks 5 km South then turns right and walks 2 km. He then turns right and walks 5 km. How far is he from P,12 km,2 km,5 km,10 km,2,1,1,4
If West is called South North is called East then what will East be called,North,South,West,NorthWest,3,1,1,4
A girl walks 5 steps forward 3 steps right 2 steps backward and 3 steps left. Which direction is she facing if she started facing North,North,South,East,West,1,1,1,4
A runner covers 12 km East then 5 km South. What is the shortest distance from the start,17 km,7 km,13 km,12 km,3,1,1,4
If the time is 6 PM and the hour hand is pointing West where is the minute hand pointing,East,West,North,South,1,1,1,4
M walks 10 meters East turns left and walks 10 meters. He then turns right and walks 5 meters. Where is he from the start,NorthEast,SouthEast,East,North,1,1,1,4
A boat is sailing SouthWest. It turns 270 clockwise. In which direction is it sailing now,NorthWest,NorthEast,SouthEast,SouthWest,2,1,1,4
If NorthEast is shifted to East where will SouthWest be shifted,West,South,NorthWest,SouthEast,4,1,1,4
A man walks 7 km East then turns 90 to his right and walks 5 km. He is now facing,North,South,East,West,2,1,1,4
Z starts at point A walks 2 km North turns right and walks 3 km. He turns left and walks 2 km. How far is Z from the starting point A,7 km,4 km,5 km,1 km,3,1,1,4
Pointing to a man a woman said He is the father of my daughters only brother. How is the man related to the woman,Father,Husband,Brother,Uncle,2,1,2,4
If A is the sister of B B is the brother of C and C is the son of D how is A related to D,Son,Daughter,Mother,Father,2,1,2,4
Ritu said to Mani The girl I met yesterday at the beach was the youngest daughter of the brotherinlaw of my friends mother. How is the girl related to Ritus friend,Niece,Cousin,Sister,Aunt,2,2,2,4
P is the mother of K. K is the sister of D. D is the father of J. How is P related to J,Mother,Grandmother,Aunt,Sister,2,1,2,4
Introducing a boy a girl said He is the son of the only daughter of my father. How is the boy related to the girl,Brother,Nephew,Son,Father,3,1,2,4
If X is the brother of the son of Ys son how is X related to Y,Brother,Grandson,Son,Father,2,2,2,4
M is the son of P. Q is the daughter of O. N is the grandmother of M. P is the father of N. O is the wife of P. How is Q related to M,Sister,Brother,Cousin,Mother,1,1,2,4
Pointing to a photograph a woman said This mans sons sister is my motherinlaw. How is the womans husband related to the man in the photograph,Son,Grandson,Nephew,Soninlaw,2,2,2,4
A is the husband of B. C is the brother of B. D is the mother of C. How is D related to A,Mother,Motherinlaw,Aunt,Sisterinlaw,2,1,2,4
If P Q means P is the father of Q P Q means P is the mother of Q and P Q means P is the brother of Q which of the following means M is the nephew of R,R T M,R T M,R T M,T R M,3,2,2,4
Introducing a man a woman said His wife is the only daughter of my fathers mother. How is the woman related to the man,Sister,Aunt,Mother,Cousin,2,1,2,4
A is the father of B and C. B is the husband of D. E is the mother of D. Assuming C is male how is C related to D,Brotherinlaw,Sisterinlaw,Brother,Sister,1,1,2,4
A is the mother of B. C is the daughter of A. D is the son of B. E is the brother of C. G is the son of A. Who is the nephew of E,B,C,D,A,3,2,2,4
Pointing to a lady a man said She is the daughter of the woman who is the mother of my mothers only son. How is the lady related to the man,Sister,Mother,Aunt,Wife,1,1,2,4
If S is the son of R T is the father of S and U is the mother of T how is U related to R,Mother,Motherinlaw,Daughter,Daughterinlaw,2,1,2,4
A B C D E and F are six members of a family. C is the wife of D. E is the brother of D. F is the daughter of A. B is the son of C. A is the father of B. How is F related to C,Sister,Daughter,Mother,Niece,4,2,2,4
If P Q means P is the sister of Q P Q means P is the husband of Q and P Q means P is the son of Q how is B related to A in the expression A C D B,Daughter,Granddaughter,Sisterinlaw,Cannot be determined,3,2,2,4
AB means A is the brother of B AB means A is the daughter of B AB means A is the son of B. How is P related to S in the expression PQRS,Brother,Son,Grandson,Father,3,2,2,4
A is the father of B. B is the sister of C. C is the mother of D. How is A related to D,Grandfather,Grandmother,Uncle,Aunt,1,1,2,4
Pointing to a picture a person said I have no brother or sister but that mans father is my fathers son. Whose picture was it,His own,His Sons,His Fathers,His Uncles,2,2,2,4
If A B means A is the mother of B and A B means A is the son of B which expression shows M is the grandson of T,T S M,T S M,M S T,T M S,1,1,2,4
A is the father of B and C. B is the daughter of A. D is the brother of B. E is the son of C. F is the fatherinlaw of B. How is D related to E,Brother,Uncle,Cousin,Nephew,3,2,2,4
In a group of six people P Q R S T and U R is the wife of Q. T is the brother of U. U is the daughter of S. Q is the father of U. How is T related to R,Son,Brotherinlaw,Soninlaw,Father,1,1,2,4
The daughter of my fathers wifes brother is my,Niece,Aunt,Cousin,Sister,3,2,2,4
Pointing to a boy a girl says He is the only son of the wife of my mothers father. How is the boy related to the girl,Cousin,Maternal Uncle,Brother,Father,2,1,2,4
A person walks 12 km North turns right and walks 5 km. What is the shortest distance from the starting point,13 km,17 km,7 km,10 km,1,1,2,4
If SouthEast becomes North NorthEast becomes West and so on what will West become,NorthEast,SouthEast,SouthWest,NorthWest,2,2,2,4
A cyclist starts from point A rides 8 km East then turns South and rides 10 km. He then turns West and rides 6 km and finally turns North and rides 10 km. How far and in which direction is he from the starting point A,2 km East,2 km West,4 km East,4 km West,1,1,2,4
A boy is facing NorthWest. He turns 90 in the clockwise direction then 135 in the anticlockwise direction. Which direction is he facing now,West,South,SouthWest,East,1,1,2,4
Raman walks 30 m South. Then he turns left and walks 15 m. Again he turns right and walks 20 m. Finally he turns right and walks 15 m. In which direction is he from his starting point,East,North,West,South,4,2,2,4
A clock is so placed that at 12 noon its minute hand points towards NorthEast. In which direction will its hour hand point at 300 PM,SouthEast,NorthWest,NorthEast,SouthWest,1,2,2,4
A car travels 15 km towards West then turns South and travels 8 km. What is the straightline distance between the starting and ending points,17 km,23 km,7 km,10 km,1,2,2,4
One morning after sunrise Reema and Seema were talking to each other face to face at a crossing. If Reemas shadow was exactly to the right of Seema which direction was Reema facing,North,South,East,West,2,2,2,4
A man is facing South. He turns right and walks 20 m then turns right again and walks 10 m and finally turns left and walks 10 m. In which direction is he walking now,East,West,North,South,1,1,2,4
P Q R S and T are five villages. Q is 15 km to the East of P. R is 12 km to the North of Q. S is 15 km to the West of R. T is 5 km to the South of S. In which direction is T with respect to P,NorthEast,NorthWest,North,South,3,2,2,4
A person walks 4 km East then turns 90 clockwise and walks 3 km. How far is he from his starting point,5 km,7 km,1 km,6 km,1,1,2,4
If PQ means P is 4 m to the East of Q PQ means P is 3 m to the North of Q and P%Q means P is 4 m to the West of Q. If A%BCD what is the direction of A with respect to D,NorthEast,SouthWest,NorthWest,SouthEast,1,2,2,4
Starting from home a boy rides his bike 10 km South then turns right and rides 5 km then turns right and rides 10 km and finally turns left and rides 10 km. How far is he from home,10 km,5 km,15 km,25 km,3,1,2,4
A runner starts facing West. He takes a 45 anticlockwise turn then a 180 turn and finally a 90 clockwise turn. Which direction is he facing now,NorthEast,SouthWest,NorthWest,SouthEast,4,2,2,4
A pole is standing with its shadow falling to the East at 400 PM. In which direction is the pole facing Assume the pole is upright,North,South,East,West,1,2,2,4
Two friends A and B start walking from the same point. A walks 10 km North and B walks 10 km East. What is the shortest distance between them,102 km,20 km,10 km,52 km,1,2,2,4
A bird flies 2 km NorthWest then 2 km SouthWest then 2 km SouthEast and finally 2 km NorthEast. In which direction is the bird from the starting point,North,South,East,At the starting point,4,2,2,4
A student goes 5 km South turns left and goes 3 km then turns right and goes 5 km. Now in which direction is he from the starting point,South,SouthEast,East,SouthWest,2,1,2,4
A river flows West to East. On the way it turns left and goes in a semicircle around a hillock and then turns left again. In which direction is the river flowing now,West,East,North,South,1,2,2,4
Two friends X and Y start from the same point. X walks 8 km South turns right and walks 6 km. Y walks 6 km East turns right and walks 8 km. What is the distance between X and Y,20 km,14 km,10 km,12 km,4,2,2,4
A person drives 10 km North turns left and drives 20 km and then turns left again and drives 10 km. How far is he from the starting point and in what direction,20 km West,10 km West,20 km East,10 km East,1,1,2,4
If North is called NorthWest West is called SouthWest South is called SouthEast and so on what will East be called,NorthEast,SouthEast,North,South,1,1,2,4
A man is facing NorthEast. He rotates 270 anticlockwise and then 45 clockwise. Which direction is he facing now,NorthWest,SouthEast,SouthWest,North,3,2,2,4
Ramesh starts walking 10 m North takes a right turn and walks 15 m. He then takes a left turn and walks 10 m. What is the shortest distance from the starting point,25 m,20 m,325 m,35 m,3,2,2,4
In the evening before sunset a trees shadow fell exactly to the North of the tree. In which direction was the Sun,North,South,East,West,4,1,2,4
If AB means A is the husband of B AB means A is the son of B A B means A is the sister of B. How is Q related to P in the expression PR SQ,Daughter,Mother,Daughterinlaw,Cannot be determined,3,2,3,4
A family has eight members P Q R S T U V and W. There are three married couples. R is the soninlaw of S. T is the father of V. W is the grandmother of Q. P is the father of U who is married to R. S has only two daughters. V is the sister of Q. How is P related to W,Fatherinlaw,Brotherinlaw,Husband,Cannot be determined,2,2,3,4
Pointing to a woman a man says Her mother is the only daughterinlaw of my father who has only one child. How is the mans wife related to the woman,Sister,Mother,Aunt,Daughter,3,1,3,4
Six members in a family K L M N O P. M is the only son of L who is married to P. N is the daughter of M. K is the son of O. O is the motherinlaw of M. How is K related to N,Brother,Maternal Uncle,Paternal Uncle,Cousin,4,2,3,4
If P is the mother of Q Q is the sister of R and R is the husband of S which of the following statements must be FALSE,P is the motherinlaw of S,Q is the aunt of Ss child,S is the daughterinlaw of P,R is the father of Q,4,1,3,4
A woman introduces a man as the son of her brothers fathers wifes only daughter. How is the man related to the woman,Son,Nephew,Cousin,Brother,2,1,3,4
In a family of seven A B C D E F G there are four males and three females. A is the only son of D who is the husband of E. F is the daughter of B. G is the sister of A. C is the motherinlaw of B. B is a male. How is C related to F,Grandmother,Mother,Aunt,Motherinlaw,1,2,3,4
XY means X is the father of Y XY means X is the daughter of Y XY means X is the husband of Y. Which expression indicates that M is the sisterinlaw of P,MNPQ,PNMQ,MNPQ,PNMQ,2,2,3,4
L is the sister of M who is married to O. P is the daughter of L. Q is the son of O. M is the sister of Q. R is the father of O. How is P related to Q,Niece,Nephew,Cousin,Aunt,3,1,3,4
Pointing to a painting Vimal says The person is the mother of my wifes fathers only sister. How is Vimal related to the person in the painting,Son,Soninlaw,Grandson,Greatgrandson,3,2,3,4
If A B means A is the brother of B A % B means A is the father of B and A B means A is the wife of B. Which of the following means M is the maternal uncle of N,MP%QN,MQP%N,NQ%PM,M%PQN,2,2,3,4
A family of four generations has 10 members and three married couples. Q is the son of P. R is the brother of S. T is the mother of U. U is the daughter of V. W is the fatherinlaw of X. X is the sisterinlaw of Y. P is the maternal uncle of R. How is T related to X,Motherinlaw,Grandmother,Sister,Cannot be determined,1,2,3,4
A is the father of B and C. C is the daughter of A. B is the son of D. E is the mother of F. F is the sister of B. How is D related to F,Sister,Mother,Motherinlaw,Aunt,2,1,3,4
In a group of people the father of the daughter of the only son of the wife of a persons father is the persons,Son,Nephew,Cousin,Brother,4,2,3,4
Six friends P Q R S T U are in a family. Q is Ts son. R is Ps mother. U is the wife of P. S is Rs daughter. T and R are married. How is U related to S,Sister,Sisterinlaw,Daughterinlaw,Motherinlaw,2,1,3,4
If PQ means P is the brother of Q PQ means P is the mother of Q and PQ means P is the father of Q. In ABCD how is C related to A,Grandson,Granddaughter,Grandson or Granddaughter,Son,3,2,3,4
My mothers motherinlaws only sons daughter is Riya. How is Riya related to me,Sister,Cousin,Niece,Aunt,1,1,3,4
J is the brother of K L is the sister of M N is the brother of J M is the son of Ks fatherinlaw O is the son of Ns mother. How is L related to O,Niece,Daughter,Cousin,Cannot be determined,3,2,3,4
P is the maternal uncle of Q. S is the sister of R. R is the daughter of Ps wife. T is the husband of S. How is Q related to T,Brotherinlaw,Brother,NephewNiece,Son,3,1,3,4
A family of 6 members A B C D E F has only two generations and two married couples. D is the motherinlaw of A. B is the daughter of C. E is the mother of F. F is the daughter of D. If C is the wife of D how is A related to B,Father,Brother,Sisterinlaw,Brotherinlaw,4,2,3,4
If AB means A is the daughter of B AB means A is the father of B AB means A is the mother of B. What is the relationship of T with V in TUV,Motherinlaw,Daughter,Mother,Granddaughter,1,2,3,4
A woman presents a girl saying She is the daughter of the husband of the mother of my sisters son. How is the girl related to the woman,Sister,Niece,Daughter,Cousin,2,1,3,4
In a family of 5 the gender of a member M is unknown. R is the father of S who is the husband of P. Q is the daughter of P. M is the son of R. How is Q related to M,Sister,Niece,Cousin,Cannot be determined,3,2,3,4
X is the only son of my fatherinlaws wife. What is the mans relationship with Xs child,Grandfather,Father,Uncle,Brother,3,2,3,4
In a family of 8 there are two grandmothers and three married couples. A is the father of B. C is the wife of A. D is the sister of B. E is the brother of C. F is the daughter of G. G is the husband of H. H is the daughterinlaw of A. How is E related to G,Uncle,Fatherinlaw,Brotherinlaw,Soninlaw,3,2,3,4
A man walks 10 km East then turns 135 clockwise and walks 4 km. He then turns 90 anticlockwise and walks 8 km. What is the final direction of travel,North,SouthWest,NorthEast,NorthWest,3,1,3,4
P is 20 m North of Q. R is 10 m West of P. S is 30 m South of R. T is 5 m East of S. U is 10 m South of T. What is the shortest distance between Q and U,25 m,15 m,13 m,10 m,3,2,3,4
A clock is placed such that at 900 AM the hour hand points towards NorthWest. In which direction will the minute hand point at 300 PM,SouthEast,NorthEast,NorthWest,SouthWest,1,2,3,4
A person walks 8 km South turns left and walks 6 km. He then turns right and walks 10 km and finally turns right and walks 6 km. What is the final direction of the person from the starting point,South,SouthEast,East,SouthWest,1,2,3,4
If NorthEast is called East and NorthWest is called North what will SouthEast be called,South,NorthEast,West,SouthWest,4,2,3,4
A car starts from A and travels 5 km North to B then turns right and travels 12 km to C. From C it travels 13 km SouthWest to D. How far is D from A and in which direction,5 km West,5 km East,12 km West,0 km,3,2,3,4
A person is facing North. He turns 100 clockwise then 145 anticlockwise and finally 225 clockwise. Which direction is he facing now,SouthEast,SouthWest,NorthEast,NorthWest,2,2,3,4
An area is defined A is 1 m North of B. C is 3 m East of B. D is 4 m South of C. E is 5 m West of D. F is 5 m North of E. What is the distance between A and F,3 m,4 m,5 m,6 m,1,2,3,4
One evening just before sunset P and Q were talking facetoface. If Ps shadow was exactly to the left of Q which direction was P facing,North,South,East,West,4,1,3,4
A pilot flies 30 km North then turns East and flies 40 km. He then turns 90circ right and flies 12 km. Finally he turns right and flies 40 km. What is the shortest distance from the starting point,18 km,20 km,15 km,22 km,1,2,3,4
Village A is 10 km North of Village B. Village C is 20 km East of Village A. Village D is 25 km South of Village C. Village E is 20 km West of Village D. In which direction is Village E from Village B,NorthEast,North,South,West,3,2,3,4
A person starts at 00 and moves to 43 then to 47 then to 17. What is the shortest distance from the origin to the final point,8 units,10 units,12 units,7.5 units,2,2,3,4
A square field has sides of 20 m. A person starts at the NorthWest corner walks to the SouthEast corner diagonally. How far is the person from the starting point,20 m,40 m,202 m,102 m,3,1,3,4
A man walks 1 km towards a church which is to his West. He then turns right and walks 1 km then turns left and walks 1 km. In which direction is he now facing relative to the churchs initial position,NorthEast,NorthWest,East,North,2,2,3,4
A river flows 10 km North. Then it takes a 90 right turn flows 10 km. Then it takes a 45 left turn flows 10 km. Finally it takes a 135 right turn. What is the final direction of the rivers flow,East,SouthEast,SouthWest,NorthEast,2,2,3,4
P and Q start from the same point. P walks 10 m West turns right and walks 10 m. Q walks 10 m North turns right and walks 10 m. What is the direction of P with respect to Qs final position,SouthWest,SouthEast,NorthWest,NorthEast,1,1,3,4
A person travels 6 km North turns 180 and travels 8 km. Then he turns 90circ left and travels 4 km. How far is he from the starting point,6 km,4 km,5 km,14 km,3,2,3,4
In a faulty map the North direction is marked as West. If a person follows this map to walk to a place originally to the SouthEast what is his actual final direction,NorthWest,SouthWest,NorthEast,SouthEast,3,2,3,4
A man is facing North. He walks 10 m and turns 90 clockwise. He walks 10 m and turns 135 anticlockwise. What is the shortest distance from the starting point,10 m,102 m,20 m,103 m,2,2,3,4
A person walks 3 km North then 4 km East. Then he walks 6 km NorthWest. What is the final positions distance from the starting point,13 km,5 km,3 km,10 km,4,2,3,4
If A is to the SouthWest of B C is to the East of B and NorthWest of A in which direction is C from A,NorthEast,NorthWest,SouthEast,SouthWest,1,1,3,4
In the morning a person walks towards a school such that his shadow is to his right. He turns left after walking 50 m. What is his current direction of travel,North,South,East,West,1,1,3,4
Two points A and B are such that B is 10 m North of A. C is 10 m West of B. D is 10 m South of C. E is 10 m East of D. F is 5 m South of E. What is the direction of F with respect to A,NorthEast,SouthEast,NorthWest,East,4,2,3,4
A tourist walks 10 km NorthEast then 10 km SouthWest. He then walks 10 km SouthEast. What is the final positions distance from the starting point,10 km,20 km,102 km,0 km,1,2,3,4
A person is at the origin 00. They walk a units North b units East a units South and b units West. What is the final displacement,2ab units,0 units,a2b2 units,2ab units,2,1,3,4
She always to school on time.,go,goes,going,went,2,1,1,5
I a cup of coffee every morning.,drink,drinks,drank,will drink,1,1,1,5
They football on Saturdays.,play,plays,played,playing,1,1,1,5
The sun in the east.,rose,rise,rises,rising,3,1,1,5
We English in this class.,study,studies,studying,studied,1,1,1,5
He his teeth twice a day.,brush,brushes,brushed,brushing,2,1,1,5
Birds in the sky.,fly,flies,flew,flying,1,1,1,5
My sister to music every evening.,listen,listens,listened,listening,2,1,1,5
The students their homework.,do,does,doing,did,1,1,1,5
It often in the winter.,snow,snows,snowing,snowed,2,1,1,5
Yesterday I a delicious pizza.,eat,ate,eaten,eating,2,1,1,5
They a new car last month.,buy,buys,bought,buying,3,1,1,5
She me a letter two days ago.,write,writes,wrote,written,3,1,1,5
We to the cinema last night.,go,goes,going,went,4,1,1,5
He the door and left the room.,close,closes,closing,closed,4,1,1,5
My father in Mumbai for ten years.,live,lives,lived,living,3,1,1,5
The class quietly when the teacher arrived.,sit,sits,sat,sitting,3,1,1,5
I my keys somewhere this morning.,lose,loses,lost,losing,3,1,1,5
The baby for an hour.,cry,cries,cried,crying,3,1,1,5
We our grandmother last weekend.,visit,visits,visiting,visited,4,1,1,5
I you tomorrow.,see,saw,will see,seeing,3,1,1,5
They their exams next week.,take,took,will take,taking,3,1,1,5
She for the contest next month.,practice,practiced,will practice,practicing,3,1,1,5
We a party on Friday.,have,had,will have,having,3,1,1,5
He his job next year.,change,changes,changed,will change,4,1,1,5
It warm later today.,is,was,will be,being,3,1,1,5
You the answer soon.,find,found,finding,will find,4,1,1,5
I think it rain.,is,was,will,will be,3,1,1,5
They their grandmother at the airport.,meet,met,will meet,meeting,3,1,1,5
The children outside after lunch.,play,played,will play,playing,3,1,1,5
My parents to visit me next Christmas.,come,came,will come,coming,3,1,1,5
Water at 100C.,boil,boils,boiled,boiling,2,1,1,5
Last night the electricity suddenly .,go out,goes out,went out,will go out,3,1,1,5
I my homework when I get home.,finish,finished,will finish,finishing,3,1,1,5
She to the park every Sunday.,walk,walks,walked,will walk,2,1,1,5
Where you go yesterday,do,does,did,will,3,1,1,5
He not like eating vegetables.,do,does,did,done,2,1,1,5
Next month we a new project.,start,starts,started,will start,4,1,1,5
The concert at 7 PM every Friday.,begin,begins,began,will begin,2,1,1,5
Long ago people without phones.,live,lives,lived,will live,3,1,1,5
I not understand the lesson yesterday.,do,does,did,will,3,1,1,5
They not like the movie.,do,does,did,doing,1,1,1,5
she come to the party next weekend,Do,Does,Did,Will,4,1,1,5
Where you live now,do,does,did,will,1,1,1,5
He not play tennis when he was young.,do,does,did,will,3,1,1,5
The train arrive late tomorrow.,do,did,has,will,4,1,1,5
My dog not bark at strangers.,do,does,did,will,2,1,1,5
they visit Paris last year,Do,Does,Did,Will,3,1,1,5
You not need to worry about that.,do,does,did,done,1,1,1,5
The weather be cold tomorrow.,do,does,did,will,4,1,1,5
She in London since 2010.,lived,has lived,was living,lives,2,2,2,5
I that movie last night.,have seen,saw,see,am seeing,2,1,2,5
How long you for that company,have...work,are...working,have...been working,did...work,3,2,2,5
We our grandmother tomorrow evening.,visit,are visiting,visited,will visited,2,1,2,5
While I dinner the phone .,ate rang,was eating rang,eat rings,am eating rang,2,2,2,5
At 8 PM yesterday he a book.,read,reads,was reading,had read,3,1,2,5
I promise I you with your bags.,help,helped,will help,am helping,3,1,2,5
By next June she her degree.,completes,will complete,will have completed,had completed,3,2,2,5
The train before we arrived at the station.,left,was leaving,had left,has left,3,2,2,5
If he late we without him.,is will start,was started,is started,will be start,1,2,2,5
If I rich I a mansion.,was bought,am will buy,were would buy,have been buy,3,2,2,5
English by millions of people.,speak,is spoken,speaks,was spoken,2,1,2,5
The window by the storm yesterday.,broke,was broken,break,breaks,2,1,2,5
He said he finished the report.,has,had,is,was,2,2,2,5
She often hiking on weekends.,go,goes,went,is going,2,1,2,5
I all morning and now Im tired.,have studied,study,have been studying,studied,3,2,2,5
They for an hour when the bus finally arrived.,waited,have been waiting,had been waiting,were waiting,3,2,2,5
This time next week I on a beach.,will lie,am lying,will be lying,have been lying,3,2,2,5
If you heat ice it .,melt,melted,melts,will melt,3,1,2,5
Columbus America in 1492.,discovered,has discovered,discovers,was discovering,1,1,2,5
I three books this week.,read,reads,have read,had read,3,2,2,5
The documents yet.,hasnt signed,havent been signed,didnt sign,wont sign,2,2,2,5
I realized I my wallet at home after I left.,forgot,had forgotten,have forgotten,was forgetting,2,2,2,5
By the end of this year they here for 10 years.,will live,will have lived,will be living,will have been living,4,2,2,5
He always loudly during meetings.,is...talking,talks,was...talking,will...talk,1,2,2,5
Look at those clouds It rain soon.,is going to,will,is,does,1,1,2,5
He cut his hand while he the vegetables.,cut,was cutting,cuts,is cutting,2,1,2,5
She was tired because she all day.,worked,has worked,had been working,was working,3,2,2,5
If you water to 0C it freezes.,cool,cooled,will cool,are cooling,1,1,2,5
They noise since 9 AM this morning.,made,are making,have been making,had made,3,2,2,5
The meeting tomorrow.,will hold,is held,will be held,was held,3,1,2,5
My grandfather in 1995.,dies,died,has died,was dying,2,1,2,5
I English for ten years by the time I graduate.,will study,will have studied,will be studying,will have been studying,4,2,2,5
As soon as she the letter she it to the trash.,reads threw,read throws,read threw,had read threw,3,2,2,5
We arrived home from the trip.,just,have just,did just,were just,2,1,2,5
The problem needs immediately.,solving,to solve,to be solved,solved,3,2,2,5
If I the keys I the door.,didnt lose would have opened,hadnt lost would have opened,didnt lose opened,had lost would open,2,2,2,5
I broke my leg while I skiing.,go,went,am going,was going,4,1,2,5
He was sad because he all his money.,lost,has lost,had lost,was losing,3,1,2,5
Dont call me at 7 PM I dinner then.,am having,will have,will be having,had,3,1,2,5
The flight at 600 AM tomorrow.,leave,leaves,left,is leaving,2,1,2,5
A new bridge by the end of the year.,will build,will be built,is built,was built,2,2,2,5
If they harder they better results.,study got,studied would get,study will get,had studied would get,2,2,2,5
you the news yet,Did...hear,Have...heard,Do...hear,Are...hearing,2,2,2,5
Before she got the job she interviews for months.,was attending,had been attending,attended,has been attending,2,2,2,5
I in a hotel until I find an apartment.,stay,stays,am staying,stayed,3,1,2,5
He told me that he to New York the year before.,goes,went,had gone,has gone,3,2,2,5
I remember to the opera house for the first time.,taking,being taken,to take,to be taken,2,2,2,5
My car broken down since last Tuesday.,is,was,has been,had been,3,2,2,5
By the time you wake up I breakfast.,will make,will have made,will be making,make,2,2,2,5
After he the marathon he felt a pain he before.,finished never felt,had finished never felt,finished had never felt,had finished never feel,3,2,3,5
By 2026 I in this city for thirty years.,will live,will be living,will have been living,will have lived,3,2,3,5
I to call her when my battery died.,am just going,was just going,had just gone,just go,2,2,3,5
The historic building right now.,is repairing,is being repaired,has been repaired,was being repaired,2,2,3,5
If she my advice she the contract.,had taken wouldnt lose,took wouldnt lose,has taken wouldnt have lost,had taken wouldnt have lost,4,2,3,5
If he that course last year he a better job now.,hadnt taken wouldnt have,didnt take wouldnt have,hadnt taken wouldnt have had,didnt take wouldnt have,3,2,3,5
You him the truth now its too late.,should tell,should be telling,should have told,must have told,3,2,3,5
Hardly the thief the house when the alarm went off.,did enter,had entered,has entered,was entering,2,2,3,5
The new evidence by the jury yet.,hasnt been seen,wasnt seen,didnt see,hasnt seen,1,2,3,5
She her novel for two years but still hasnt finished.,has been writing,wrote,is writing,was writing,1,2,3,5
I the CEO at the conference next week.,meet,will meet,will be meeting,am meeting,3,2,3,5
He claimed that the company profits since the merger.,has doubled,had doubled,doubles,doubled,2,2,3,5
I known about the party I would have attended.,If,Had,Did,Would,2,2,3,5
My neighbour always his music loudly after midnight.,is playing,plays,had played,was playing,1,2,3,5
I was exhausted because I all weekend.,have been driving,had been driving,drove,was driving,2,2,3,5
The final bus to the airport at 1130 PM.,leaves,will leave,is leaving,left,1,2,3,5
The suspect closely when he suddenly escaped.,was being watched,was watching,had watched,has been watched,1,2,3,5
They the message but their phone was off.,could miss,could have missed,must miss,might missed,2,2,3,5
I the letter as soon as I the required stamps.,will send will buy,send buy,will send buy,send will buy,3,2,3,5
If I fluent in French I in Paris.,was would work,were would work,am will work,had been worked,2,2,3,5
This silk incredibly smooth.,feels,is feeling,felt,will feel,1,2,3,5
Although she last year she still this town.,left loves,has left loved,had left is loving,leaves loved,1,2,3,5
By the time the bill passes it heavily by the media.,will have discussed,will have been discussed,will be discussed,will discuss,2,2,3,5
No sooner the game than the power went out.,did start,had started,was starting,is starting,2,2,3,5
If the company better they bankrupt.,managed wouldnt go,had managed wouldnt have gone,manages wont go,manage wouldnt go,2,2,3,5
She realized she that stranger somewhere before.,saw,sees,has seen,had seen,4,2,3,5
The project finished by Friday but there were delays.,should have finished,should have been finished,must be finished,should be finishing,2,2,3,5
As the music the crowd louder.,played were cheering,played cheered,was playing cheered,was playing was cheering,4,2,3,5
The contractor expects that they the roof by next Monday.,will finish,will have finished,are finishing,have finished,2,2,3,5
The commentator says He the ball and,catches shoot,caught shot,catches shoots,is catching shooting,3,2,3,5
The car needs before the long journey.,serviced,to be serviced,servicing,to service,2,2,3,5
Unless you now you the deadline.,leave wont meet,left wouldnt meet,dont leave meet,leave will meet,1,2,3,5
My brother constantly his keys.,is losing,loses,lost,will be losing,1,2,3,5
He admitted that the money by someone else.,was taking,has been taken,had been taken,took,3,2,3,5
If I better at math I for that engineering job.,were could have applied,was could apply,were would apply,am could have applied,1,2,3,5
I a bath when the doorbell .,was taking rang,took rang,take rings,had taken rang,1,2,3,5
My eyes hurt because I at the screen all day.,look,have looked,have been looking,was looking,3,2,3,5
I believe humans on Mars within the next century.,land,are landing,will land,are going to land,3,2,3,5
The stolen jewels before the police arrived.,had been hidden,had hidden,were hidden,were being hidden,1,2,3,5
While the children in the garden their parents tea.,played drank,were playing drank,were playing were drinking,played were drinking,3,2,3,5
If we the meeting we their decision sooner.,hadnt missed would have known,didnt miss would know,hadnt missed would know,miss will know,1,2,3,5
I dont what you about.,understand are talking,am understanding talk,understand talk,understand talked,1,2,3,5
She hasnt answered she the flight already.,might have boarded,must board,had boarded,should have boarded,1,2,3,5
At this time tomorrow the presentation to the board.,will be giving,will be being given,will be given,will have been given,2,2,3,5
As soon as the sun we our climb.,sets started,set start,had set started,set started,4,2,3,5
In two weeks I on this research for exactly one year.,will work,will be working,will have been working,will have worked,3,2,3,5
I usually drink tea but this week I coffee.,drink,am drinking,was drinking,had drunk,2,2,3,5
If the contract properly we this lawsuit.,had been written wouldnt face,were written wouldnt face,was written wouldnt face,had been written wouldnt have faced,4,2,3,5
Before they introduced the new system everyone handwritten records.,was using,had used,used,uses,3,2,3,5
He here an hour ago but his train was cancelled.,must be,ought to have been,should be,must have been,2,2,3,5
